{
  "rf": {
    "auroc": 0.9673392612859097,
    "auprc": 0.9413455189005189,
    "f1": 0.8852459016393442,
    "precision": 1.0,
    "recall": 0.7941176470588235,
    "confusion_matrix": [
      [
        86,
        0
      ],
      [
        7,
        27
      ]
    ]
  },
  "xgboost": {
    "auroc": 0.9702462380300957,
    "auprc": 0.9620735527474413,
    "f1": 0.8955223880597014,
    "precision": 0.9090909090909091,
    "recall": 0.8823529411764706,
    "confusion_matrix": [
      [
        83,
        3
      ],
      [
        4,
        30
      ]
    ]
  },
  "logistic_regression": {
    "auroc": 0.8149794801641587,
    "auprc": 0.5950060518886386,
    "f1": 0.6666666666666666,
    "precision": 0.574468085106383,
    "recall": 0.7941176470588235,
    "confusion_matrix": [
      [
        66,
        20
      ],
      [
        7,
        27
      ]
    ]
  }
}